{
    "MAE": 4207752.020833333,
    "RMSE": 8723658.630801026,
    "MAPE": 133.98568126773213,
    "R2": 0.060113787401501195
}