{
    "MAE": 24205655.96875,
    "RMSE": 24205655.96875,
    "MAPE": 98.63104780797117
}