month,cash_in,cash_out,net_cash,lag_1,lag_2,rolling_mean_3,growth_rate,target
2025-04,103106690.0,123924017.0,-20817327.0,17851950.0,4327430.0,4308725.0,3.125300698097658,3805753.75
2025-05,128073900.0,124268146.25,3805753.75,-20817327.0,17851950.0,454017.6666666667,-2.1661094166171395,456308.0
2025-06,110368878.0,109912570.0,456308.0,3805753.75,-20817327.0,280125.5833333333,1.1828166387542538,552160.0
2025-07,149005851.0,148453691.0,552160.0,456308.0,3805753.75,-5518421.75,-0.8801004925742237,-1000635.0
2025-08,163185888.0,164186523.0,-1000635.0,552160.0,456308.0,1604740.5833333333,0.21005987183634606,245551.0
2025-09,168073119.0,167827568.0,245551.0,-1000635.0,552160.0,2611.0,-2.8122192842144993,24541619.0
